Workbook

Sheet Premissas
A1: Codinhos — Modelo de custo (revisado jul/2026)
A2: Edite as células AZUIS (inputs). Verde = puxado de outra aba. Amarelo = premissa-chave a revisar.
A4: Parâmetro | B4: Valor | C4: Unid.
A5: Câmbio (R$ por US$) | B5: 5.1 | C5: R$/US$ | E5: Cotação ~jul/2026 (investing.com). Ajuste p/ o dia.
A6: — IA / Tutor —
A7: Custo do tutor por mensagem (US$) | B7: 0.005 | C7: US$/msg | E7: Haiku 4.5 ($1/$5 por M tok). ~3k tok entrada + ~350 saída c/ contexto do desafio + 10 msgs de histórico.
A8: Teto de mensagens do tutor por aluno/dia | B8: 20 | C8: msg/dia | E8: Cap atual no código (DEFAULT_DAILY_LIMIT).
A9: Dias letivos por mês | B9: 22 | C9: dias | E9: Usado só para o teto realista (não fim de semana).
A10: — IA / Geração de desafios (autoria) —
A11: Custo por desafio gerado (US$) | B11: 0.025 | C11: US$/desafio | E11: Sonnet 5 ($2/$10 por M, promo até 31/ago). ~1,4 chamadas (gera+retry). Padrão pós-promo ~US$0,04.
A12: — Infra / Base da plataforma (mês) —
A13: VPS (compute + Postgres + backup na mesma máquina) | B13: 50 | C13: R$/mês | E13: Plano de prod informado. Hoje R$30. Sobe conforme nº de escolas.
A14: Domínio | B14: 4 | C14: R$/mês | E14: ~R$48/ano.
A15: Backup offsite (recomendado) | B15: 10 | C15: R$/mês | E15: Backblaze B2 / storage box. Backup só na mesma VPS = risco de perda total.
A16: Codi (assistente da LP / marketing) | B16: 15 | C16: R$/mês | E16: Haiku, varia com tráfego do site. Custo de base, não por escola. Use rate limit.
A17: E-mail transacional (Resend) | B17: 0 | C17: R$/mês | E17: Grátis até ~3k envios/mês. Acima: ~US$20 (~R$102).
A19: DERIVADOS (calculados)
A20: → Custo do tutor por mensagem (R$) | B20: =B5*B7 -> 0.0255
A21: → Custo por desafio gerado (R$) | B21: =B5*B11 -> 0.1275
A22: → Custo BASE da plataforma / mês (R$) | B22: =B13+B14+B15+B16+B17 -> 79
A23: → Teto de custo do tutor por aluno / mês (R$) [20 msg × 22 dias] | B23: =B8*B9*B20 -> 11.22
A25: Notas & fontes
A26: • O MOTOR de código (JS e Python/Pyodide) roda NO NAVEGADOR do aluno. Execução de código NÃO gera custo de nuvem — logo, a evolução do motor não aumentou o custo por aluno.
A27: • Único custo variável real por aluno = mensagens do tutor de IA (Haiku 4.5).
A28: • Geração de desafios com IA (Sonnet 5) é custo de AUTORIA (gestor/professor), pontual — não recorre por aluno.
A29: • Multi-tenant row-level: uma escola/turma a mais é (quase) só linhas no banco → custo marginal de infra ~0.
A30: • Prompt caching pode cortar até 90% da entrada do tutor — reduz o custo por mensagem se ativado.
A31: • Benchmark de preço (não custo): Tynker for Schools ~US$25/aluno/ano (~R$11/aluno/mês).

Sheet Custo por aluno
A1: Custo por aluno / mês — só o tutor de IA (motor roda no navegador, custo 0)
A2: Custo do tutor por mensagem: | C2: =Premissas!$B$20 -> 0.0255
A3: Cenários de uso mensal por aluno (azul = editável):
A5: Cenário | B5: Mensagens/mês | C5: Custo tutor / mês | D5: Custo tutor / ano
A6: Leve (~15 msg) | B6: 15 | C6: =B6*C$2 -> 0.3825 | D6: =C6*12 -> 4.59
A7: ~1 msg/dia letivo | B7: 22 | C7: =B7*C$2 -> 0.561 | D7: =C7*12 -> 6.732
A8: Típico (~30 msg) | B8: 30 | C8: =B8*C$2 -> 0.765 | D8: =C8*12 -> 9.18
A9: Engajado (~60 msg) | B9: 60 | C9: =B9*C$2 -> 1.53 | D9: =C9*12 -> 18.36
A10: 5 msg/dia letivo | B10: 110 | C10: =B10*C$2 -> 2.805 | D10: =C10*12 -> 33.66
A11: TETO realista (20/dia × 22 letivos) | B11: 440 | C11: =B11*C$2 -> 11.22 | D11: =C11*12 -> 134.64
A12: TETO absoluto (20/dia × 30) | B12: 600 | C12: =B12*C$2 -> 15.3 | D12: =C12*12 -> 183.6
A14: • O aluno só custa quando conversa com o tutor. Executar código (JS/Python) é grátis para você.
A15: • O teto de 20/dia limita o pior caso; na prática a média fica muito abaixo.
A16: • Sem custo de armazenamento relevante: submissões e progresso são poucos KB por aluno.

Sheet Custo por turma
A1: Custo por turma / mês
A2: Uma turma é apenas um agrupamento no banco → custo marginal de infra ≈ 0.
A3: Custo da turma = (alunos ativos no tutor) × (custo por aluno no uso escolhido).
A5: Mensagens/aluno/mês assumidas (editável): | D5: 30
A6: Custo tutor por mensagem: | D6: =Premissas!$B$20 -> 0.0255
A8: Tamanho da turma | B8: Alunos | C8: Custo IA / mês | D8: Custo IA / ano
A9: Turma pequena | B9: 20 | C9: =B9*$D$5*$D$6 -> 15.3 | D9: =C9*12 -> 183.6
A10: Turma média | B10: 25 | C10: =B10*$D$5*$D$6 -> 19.125 | D10: =C10*12 -> 229.5
A11: Turma cheia | B11: 30 | C11: =B11*$D$5*$D$6 -> 22.95 | D11: =C11*12 -> 275.4
A12: Turma grande | B12: 35 | C12: =B12*$D$5*$D$6 -> 26.775 | D12: =C12*12 -> 321.3
A14: • Trocar as premissas na aba Premissas ou o uso mensal acima recalcula tudo.

Sheet Custo por escola
A1: Custo por escola (tenant) / mês
A2: Infra marginal por escola ≈ R$0 (multi-tenant compartilha VPS/Postgres). O custo é o uso do tutor pelos alunos + autoria pontual.
A4: Mensagens/aluno/mês (editável): | E4: 30
A5: Custo tutor por mensagem: | E5: =Premissas!$B$20 -> 0.0255
A7: Perfil de escola | B7: Alunos | C7: Custo tutor / mês | D7: Custo tutor / ano | E7: Custo de autoria (uma vez)
A8: Pequena | B8: 30 | C8: =B8*$E$4*$E$5 -> 22.95 | D8: =C8*12 -> 275.4 | E8: =40*Premissas!$B$21 -> 5.1
A9: Média | B9: 90 | C9: =B9*$E$4*$E$5 -> 68.85 | D9: =C9*12 -> 826.2 | E9: =40*Premissas!$B$21 -> 5.1
A10: Grande | B10: 150 | C10: =B10*$E$4*$E$5 -> 114.75 | D10: =C10*12 -> 1377 | E10: =40*Premissas!$B$21 -> 5.1
A11: Rede | B11: 500 | C11: =B11*$E$4*$E$5 -> 382.5 | D11: =C11*12 -> 4590 | E11: =40*Premissas!$B$21 -> 5.1
A13: • 'Custo de autoria' = gerar 40 desafios sob medida com IA, uma única vez (Sonnet 5). Depois fica no banco, custo 0.
A14: • E-mails de convite/reset entram no plano grátis do Resend (até ~3k/mês).
A15: • Compare com o piso de faturamento por escola: o custo real de uma escola é uma fração da mensalidade.

Sheet Projeção de custo
A1: Custo total da plataforma por nº de escolas
A2: Mostra a base fixa se diluindo à medida que entram escolas.
A4: Alunos por escola (médio): | C4: 90
A5: Mensagens/aluno/mês: | C5: 30
A6: Custo tutor por mensagem (R$): | C6: =Premissas!$B$20 -> 0.0255
A7: Custo BASE da plataforma / mês (R$): | C7: =Premissas!$B$22 -> 79
A9: Nº escolas | B9: Alunos totais | C9: Custo tutor / mês | D9: Custo base / mês | E9: Custo TOTAL / mês | F9: Custo / aluno / mês
A10: 1 | B10: =A10*$C$4 -> 90 | C10: =B10*$C$5*$C$6 -> 68.85 | D10: =$C$7 -> 79 | E10: =C10+D10 -> 147.85 | F10: =E10/B10 -> 1.6427778
A11: 3 | B11: =A11*$C$4 -> 270 | C11: =B11*$C$5*$C$6 -> 206.55 | D11: =$C$7 -> 79 | E11: =C11+D11 -> 285.55 | F11: =E11/B11 -> 1.0575926
A12: 5 | B12: =A12*$C$4 -> 450 | C12: =B12*$C$5*$C$6 -> 344.25 | D12: =$C$7 -> 79 | E12: =C12+D12 -> 423.25 | F12: =E12/B12 -> 0.94055556
A13: 10 | B13: =A13*$C$4 -> 900 | C13: =B13*$C$5*$C$6 -> 688.5 | D13: =$C$7 -> 79 | E13: =C13+D13 -> 767.5 | F13: =E13/B13 -> 0.85277778
A14: 20 | B14: =A14*$C$4 -> 1800 | C14: =B14*$C$5*$C$6 -> 1377 | D14: =$C$7 -> 79 | E14: =C14+D14 -> 1456 | F14: =E14/B14 -> 0.80888889
A15: 50 | B15: =A15*$C$4 -> 4500 | C15: =B15*$C$5*$C$6 -> 3442.5 | D15: =$C$7 -> 79 | E15: =C15+D15 -> 3521.5 | F15: =E15/B15 -> 0.78255556
A16: 100 | B16: =A16*$C$4 -> 9000 | C16: =B16*$C$5*$C$6 -> 6885 | D16: =$C$7 -> 79 | E16: =C16+D16 -> 6964 | F16: =E16/B16 -> 0.77377778
A18: • A base é fixa: com 1 escola ela pesa; com 20+ escolas some no custo por aluno.
A19: • Conforme o nº de escolas cresce, a VPS de R$50 precisará subir (Postgres + API + SSR). Reveja a base na aba Premissas.
A20: • Custo/aluno tende ao custo do tutor (uso × preço/msg) quando a base está diluída.
